"","track.name","track.artists","track.duration_ms","time_signature","tempo","key","mode","loudness","danceability","energy","speechiness","acousticness","instrumentalness","liveness","valence","track.popularity","track.album.name","track.album.release_date"
"1","Fleurette Africaine (African Flower) - Remastered","Duke Ellington",216333,4,118.996,1,1,-19.24,0.431,0.21,0.0299,0.937,0.921,0.108,0.493,38,"Money Jungle","2002-01-01"
"2","Afro-Blue","Cal Tjader",266866,3,97.027,7,1,-15.086,0.572,0.463,0.0358,0.844,0.0475,0.063,0.835,0,"Soul Sauce","2016-05-20"
"3","Afternoon in Paris","John Lewis",565693,4,132.799,5,1,-17.089,0.644,0.183,0.0379,0.762,0.0022,0.1,0.515,21,"Afternoon In Paris","2006-05-23"
"4","Agua De Beber","Antônio Carlos Jobim",170426,4,137.268,4,0,-20.341,0.685,0.249,0.0482,0.499,0.867,0.0751,0.838,0,"The Composer Of "" Desafinado"", Plays","1963-01-01"
"5","Airegin","Wes Montgomery",267906,4,147.99,5,0,-13.437,0.421,0.399,0.0341,0.881,0.119,0.168,0.799,12,"Riverside Profiles: Wes Montgomery","2006-01-01"
"6","Alfie","Bill Evans",306226,4,73.815,9,0,-19.468,0.413,0.236,0.0402,0.928,0.741,0.689,0.164,0,"Days of Wine and Roses","2016-03-31"
"7","Alice In Wonderland - Take 2 / Live At The Village Vanguard, NYC; 6/25/1961","Bill Evans",514533,4,82.867,0,1,-18.316,0.434,0.297,0.0347,0.852,0.861,0.711,0.364,37,"Sunday At The Village Vanguard [Keepnews Collection]","1961"
"8","All Blues (feat. John Coltrane, Cannonball Adderley & Bill Evans)","Miles Davis",692746,3,139.815,0,1,-18.305,0.499,0.149,0.0314,0.771,0.00469,0.115,0.363,51,"Kind Of Blue (Legacy Edition)","1959-08-17"
"9","All By Myself","Irving Berlin",142866,4,124.868,0,1,-9.458,0.578,0.339,0.0263,0.723,0.00399,0.113,0.39,0,"The Songwriters Collection","2002-06-18"
"10","All of Me","Billie Holiday",181826,5,105.393,2,0,-13.766,0.507,0.0677,0.0406,0.978,2.74e-05,0.132,0.355,44,"Billie Holiday Love Songs","1996-01-30"
"11","All of You (feat. John Coltrane, Red Garland, Paul Chambers & Philly Joe Jones)","Miles Davis",420693,4,82.435,5,0,-10.988,0.631,0.261,0.0424,0.424,6.64e-05,0.184,0.581,46,"'Round About Midnight","1957-03-18"
"12","All The Things You Are","Charlie Parker",169533,4,126.923,8,1,-17.753,0.574,0.0775,0.0482,0.967,0.54,0.109,0.523,0,"Bird After Dark","2002"
"13","Alright, Okay, You Win","Count Basie",182493,4,132.75,8,1,-14.173,0.729,0.344,0.052,0.772,0.000133,0.285,0.814,45,"Count Basie Swings - Joe Williams Sings","1993-01-01"
"14","Always","Oscar Peterson",170000,4,119.906,5,1,-18.078,0.85,0.154,0.0497,0.993,0.934,0.111,0.303,12,"Oscar Peterson Plays Irving Berlin","1960-11-07"
"15","Ana Maria","Wayne Shorter",305573,4,125.121,0,0,-8.496,0.451,0.52,0.0324,0.765,0.842,0.0869,0.184,23,"Native Dancer","1975-01-18"
"16","Angel Eyes - Studio","Tommy Flanagan",349600,4,110.134,5,1,-18.67,0.487,0.145,0.0522,0.876,0.822,0.149,0.142,43,"Master Trio","1991"
"17","Anthropology (Take 1)","Dizzy Gillespie",158266,4,123.674,0,0,-10.484,0.648,0.508,0.0367,0.898,0.186,0.0441,0.957,8,"Night In Tunisia: The Very Best Of Dizzy Gillespie","1946"
"18","Apple Honey - 78rpm Version","Woody Herman & His Orchestra",194920,4,128.22,7,0,-8.835,0.604,0.608,0.0431,0.836,0.37,0.223,0.904,7,"The Essential Woody Herman","2014-03-07"
"19","April In Paris","Bud Powell",191493,4,72.026,0,1,-17.563,0.397,0.197,0.0329,0.987,0.888,0.249,0.311,0,"Portrait","2014-04-15"
"20","April Joy","Noël Akchoté",151813,4,77.454,5,0,-13.269,0.546,0.193,0.0549,0.534,0.654,0.368,0.248,0,"The Bat (Noël Akchoté Plays Pat Metheny)","2016-01-14"
"21","Arise, Her Eyes","Gary Burton",231200,4,81.927,7,1,-17.752,0.204,0.127,0.0353,0.964,0.818,0.153,0.0541,6,"Throb","1994-02-22"
"22","Armageddon - Remastered 2004","Wayne Shorter",382520,4,113.06,10,0,-11.662,0.489,0.467,0.0527,0.759,0.0444,0.159,0.401,27,"Night Dreamer","1964-11-01"
"23","Au Privave - Take 2","Charlie Parker",158200,4,101.93,5,1,-10.426,0.682,0.539,0.038,0.755,0.00113,0.0836,0.907,0,"Swedish Schnapps + The Great Quintet Sessions 1949-51 Vol. 5","1991-01-01"
"24","Autumn In New York","Chet Baker",308500,4,115.104,5,1,-14.687,0.512,0.117,0.0396,0.977,0.95,0.122,0.288,0,"Born to Be Blue","2014-08-18"
"25","Autumn Leaves","Bill Evans",360546,4,102.436,7,0,-16.534,0.611,0.24,0.0387,0.951,0.773,0.0815,0.586,48,"Portrait In Jazz [Keepnews Collection]","1960"
"26","Beautiful Love","Bill Evans",366426,4,88.955,5,1,-18.147,0.558,0.248,0.04,0.878,0.735,0.105,0.437,19,"Nardis","1961-01-01"
"27","Beauty and the Beast","Wayne Shorter",304813,4,139.935,7,0,-6.566,0.666,0.571,0.0515,0.444,0.505,0.0576,0.648,28,"Native Dancer","1975-01-18"
"28","Bessie's Blues","John Coltrane",215093,4,90.738,5,0,-10.429,0.589,0.372,0.0299,0.496,0,0.359,0.597,40,"Crescent","1964-01-01"
"29","Bewitched, Bothered, And Bewildered","Ella Fitzgerald",423493,4,61.188,5,1,-16.631,0.344,0.108,0.0475,0.971,0,0.0961,0.263,55,"Ella Fitzgerald Sings The Rodgers And Hart Song Book","1956-01-01"
"30","Big Nick","John Coltrane",245426,4,116.229,0,0,-9.595,0.47,0.525,0.0378,0.347,0.000995,0.223,0.509,0,"My Favorite Things","2015-11-24"
"31","Black Coffee","Sarah Vaughan",200440,3,94.23,1,1,-11.977,0.38,0.155,0.0311,0.973,1.7e-05,0.0977,0.127,51,"After Hours","1955-04-12"
"32","Black Diamond","Roland Kirk",322493,4,66.771,0,1,-18.01,0.408,0.281,0.0545,0.658,0.000137,0.111,0.469,0,"Top 60’s Jazz","2013-09-17"
"33","Black Narcissus","Joe Henderson",291653,4,84.862,1,0,-19.02,0.383,0.171,0.0365,0.946,0.563,0.124,0.251,34,"Power To The People [Keepnews Collection] (Remastered)","1969"
"34","Black Nile - Remastered","Wayne Shorter",388146,3,75.926,7,0,-10.111,0.438,0.594,0.0583,0.78,0.177,0.0751,0.589,40,"Night Dreamer","1964-11-01"
"35","Black Orpheus","Paul Desmond",254533,4,92.916,7,0,-19.316,0.518,0.316,0.0406,0.897,0.741,0.0539,0.818,37,"Black Orpheus","1961"
"36","Blue Bossa - Remastered","Joe Henderson",482440,4,81.867,5,0,-11.697,0.531,0.366,0.0496,0.911,0.88,0.0916,0.785,0,"Jazz Playlist: The Greatest Hits","2016-02-19"
"37","Blue in Green (feat. John Coltrane & Bill Evans)","Miles Davis",337733,4,110.479,2,0,-25.358,0.421,0.0162,0.0388,0.808,0.0024,0.0978,0.154,62,"Kind Of Blue (Legacy Edition)","1959-08-17"
"38","Blue Monk - Rudy Van Gelder Remaster","Thelonious Monk",456360,4,142.112,3,1,-16.936,0.444,0.339,0.0418,0.66,0.103,0.163,0.656,43,"Thelonious Monk","1954"
"39","The Blue Room","Tommy Dorsey",201133,4,136.059,8,1,-8.72,0.669,0.308,0.0433,0.674,0.00712,0.0738,0.406,0,"Moonlight Serenade - Jazz Classics","2016-08-10"
"40","Blue Train - Remastered 2003/Rudy Van Gelder Edition","John Coltrane",644013,4,134.77,8,1,-7.759,0.506,0.493,0.0427,0.798,0.00355,0.307,0.584,52,"Blue Train (Expanded Edition)","1958"
"41","Blues For Alice","Charlie Parker",166906,4,80.95,2,0,-9.142,0.476,0.525,0.046,0.848,0.0265,0.0669,0.777,0,"Compact Jazz: Charlie Parker","1987-01-01"
"42","Bluesette","Toots Thielemans",171160,4,96.793,1,1,-12.731,0.54,0.402,0.0299,0.585,0,0.308,0.485,3,"Instrumental Jazz Classics","2017-08-11"
"43","Body and Soul","John Coltrane",337133,4,141.846,1,1,-16.09,0.517,0.269,0.0332,0.851,0.474,0.1,0.273,20,"The Very Best of John Coltrane","2000-01-01"
"44","Boplicity","Miles Davis",181988,4,135.593,5,1,-15.979,0.488,0.176,0.0399,0.932,0.00345,0.0935,0.497,40,"Birth Of The Cool","1957"
"45","Bright Size Life","Pat Metheny",283253,4,84.642,7,1,-16.96,0.272,0.351,0.0278,0.53,0.709,0.113,0.581,0,"The Essential Jaco Pastorius","2007"
"46","Broad Way Blues","Ornette Coleman",523760,4,95.527,3,1,-17.518,0.508,0.253,0.0487,0.471,0.246,0.121,0.579,33,"New York Is Now","1968"
"47","Broadway","Gerry Mulligan",396293,4,184.581,8,1,-14.447,0.477,0.224,0.0891,0.818,0.0629,0.14,0.706,0,"New York, Jazz City USA","2013-09-03"
"48","But Beautiful - Remastered 2002/Rudy Van Gelder Edition","Freddie Hubbard",386773,4,107.298,5,0,-12.317,0.42,0.221,0.0327,0.929,0.682,0.0778,0.236,28,"Open Sesame (The Rudy Van Gelder Edition)","2002-01-01"
"49","Butterfly","Herbie Hancock",677333,4,118.559,5,0,-12.629,0.511,0.529,0.0439,0.438,0.839,0.0483,0.796,33,"Thrust","1974-09-06"
"50","Byrd Like","Tim Hagans",307760,4,137.675,5,0,-12.574,0.47,0.502,0.0542,0.61,0.677,0.0977,0.809,3,"Hub Songs: The Music Of Freddie Hubbard","1998-01-01"
"51","C'est si bon","Louis Armstrong",183053,4,113.201,0,0,-12.476,0.599,0.189,0.0899,0.806,7.5e-05,0.193,0.419,48,"Satchmo Serenades","2000-01-01"
"52","Call Me","Tony Hatch",156720,4,141.674,0,0,-11.155,0.601,0.652,0.0316,0.654,0.351,0.0704,0.885,29,"Hatchbox: The Original Album Collection","2005-05-31"
"53","Call Me Irresponsible - 2008 Remastered","Frank Sinatra",175586,5,86.007,3,1,-12.31,0.22,0.181,0.0301,0.931,0.000839,0.107,0.243,40,"Nothing But The Best (Remastered)","2008-01-01"
"54","Can't Help Lovin' Dat Man","Oscar Peterson",162200,3,74.116,5,1,-29.59,0.526,0.0428,0.067,0.943,0.891,0.0994,0.0853,13,"Plays The Jerome Kern Song Book","1959-01-01"
"55","Captain Marvel","Chick Corea",292093,4,144.906,7,0,-9.743,0.406,0.599,0.0437,0.729,0.796,0.0838,0.638,19,"Light As A Feather (Deluxe Edition)","1998-01-01"
"56","Central Park West","John Coltrane",251293,4,73.467,11,1,-21.88,0.311,0.0312,0.036,0.955,0.855,0.0965,0.15,24,"The Very Best of John Coltrane","2000-01-01"
"57","Ceora - Remastered","Lee Morgan",381760,4,126.365,5,0,-13.285,0.697,0.254,0.0419,0.944,0.875,0.093,0.35,0,"The Sidewinder","2015-11-04"
"58","Chega de Saudade","Antônio Carlos Jobim",256359,4,101.414,7,0,-17.099,0.455,0.338,0.0455,0.85,0.0701,0.0832,0.569,33,"Obrigado Brazil (Remastered)","2003"
"59","Chelsea Bells - Original Version","Sergio Corbini",278256,4,109.66,4,1,-16.533,0.315,0.131,0.042,0.935,0.119,0.255,0.0392,4,"Amazing","2015-10-13"
"60","Chelsea Bridge","Vince Guaraldi",216493,4,75.287,1,1,-24.08,0.42,0.0482,0.0453,0.965,0.903,0.122,0.15,28,"Vince Guaraldi Trio","1956"
"61","Cherokee","Clifford Brown",344293,4,87.469,3,1,-8.79,0.449,0.668,0.0472,0.41,0.00976,0.0908,0.625,0,"Study In Brown","1989-06-20"
"62","Cherry Pink And Apple Blossom White","Pérez Prado",189640,4,118.274,3,1,-13.14,0.51,0.344,0.0454,0.517,0.754,0.107,0.707,35,"Mambo No 5","2006"
"63","A Child Is Born - Remastered","Oscar Peterson",155288,1,173.881,10,1,-19.147,0.321,0.0893,0.0633,0.953,0.883,0.154,0.154,32,"Tracks (Remastered)","2014-01-31"
"64","Chippie","Ornette Coleman",340240,4,77.965,0,1,-14.416,0.427,0.359,0.0589,0.173,8.7e-06,0.118,0.595,16,"Something Else!!!!: The Music Of Ornette Coleman (Original Jazz Classics Remasters)","2011-01-01"
"65","Chitlins Con Carne","Kenny Burrell",330440,4,132.682,8,1,-13.331,0.803,0.335,0.0451,0.579,0.0128,0.0849,0.786,52,"Midnight Blue (The Rudy Van Gelder Edition)","1963"
"66","Come Sunday","Oscar Peterson",200720,5,157.073,1,1,-21.284,0.282,0.0986,0.0322,0.976,0.937,0.109,0.0878,13,"Oscar Peterson & Nelson Riddle","2009-01-01"
"67","Como En Vietnam","Gary Burton",424133,4,86.68,8,0,-14.07,0.485,0.433,0.0332,0.831,0.00344,0.165,0.432,8,"Throb","1994-02-22"
"68","Con Alma","Dizzy Gillespie",305066,4,113.813,10,0,-13.213,0.718,0.332,0.0331,0.822,0.892,0.158,0.701,0,"Afro","1954-01-01"
"69","Conception","George Shearing",173506,4,112.265,9,1,-23.1,0.559,0.176,0.0324,0.983,0.873,0.113,0.697,11,"Verve Jazz Masters 57","1996-01-01"
"70","Confirmation","Charlie Parker",181333,4,103.042,10,1,-10.256,0.514,0.515,0.042,0.423,5.46e-05,0.0809,0.769,0,"In Person","2014-03-26"
"71","Contemplation","McCoy Tyner",552493,3,102.372,0,0,-11.346,0.397,0.534,0.031,0.48,2.84e-05,0.0434,0.468,34,"The Real McCoy (Remastered / Rudy Van Gelder Edition)","1967"
"72","Coral","John Scofield",376293,4,110.041,0,0,-12.694,0.542,0.276,0.0401,0.771,0.0582,0.106,0.212,4,"As Long As You're Living Yours: The Music of Keith Jarrett","1999-04-16"
"73","Cotton Tail","Duke Ellington",174678,4,77.811,8,1,-11.992,0.35,0.58,0.142,0.257,0.376,0.245,0.549,8,"Duke Ellington Presents… (Remastered 2014)","2014-07-29"
"74","Could It Be You","Cole Porter",187706,1,100.554,7,0,-10.995,0.15,0.342,0.0319,0.704,0.974,0.389,0.144,8,"The Golden Age of Light Music: Melodies for Romantics","2009-04-01"
"75","Countdown","John Coltrane",145440,3,172.715,4,0,-14.248,0.423,0.494,0.0629,0.668,0.0753,0.103,0.526,0,"Giant Steps (Deluxe Edition)","1960"
"76","Crescent","John Coltrane",524266,4,63.425,0,0,-10.739,0.324,0.423,0.0365,0.538,4.96e-05,0.0892,0.384,33,"Crescent","1964-01-01"
"77","Crystal Silence - Live At Sydney Opera House Concert Hall, 2007","Chick Corea",848266,3,140.702,5,1,-21.596,0.307,0.122,0.035,0.968,0.807,0.701,0.0402,6,"The New Crystal Silence","2008-02-05"
"78","D-Natural Blues","Wes Montgomery",322506,4,92.296,7,1,-16.295,0.577,0.155,0.0453,0.965,0.725,0.114,0.475,13,"The Incredible Jazz Guitar (Keepnews Collection)","2008-01-01"
"79","Daahoud","Clifford Brown",245400,4,120.482,8,1,-12.047,0.514,0.65,0.0339,0.542,0.0898,0.0299,0.715,0,"Clifford Brown And Max Roach","2000-01-01"
"80","Dancing on the Ceiling","Chet Baker",189226,4,140.919,0,1,-15.176,0.552,0.206,0.0411,0.867,1.26e-06,0.117,0.328,40,"Chet Baker Sings: It Could Happen To You [Original Jazz Classics Remasters] (OJC Remaster)","2010-01-01"
"81","Darn That Dream","Ahmad Jamal",190573,4,79.695,3,0,-13.256,0.594,0.225,0.0625,0.973,0.902,0.203,0.352,20,"Chamber Music Of The New Jazz","1955-01-01"
"82","Days And Nights Waiting","Steve Wilson",500106,4,94.453,9,0,-19.69,0.375,0.191,0.031,0.663,0.295,0.122,0.292,2,"Passages","2000-01-01"
"83","Dear Old Stockholm","Miles Davis",253466,4,128.734,9,0,-10.641,0.509,0.299,0.0356,0.884,0.00355,0.117,0.625,10,"The Best Of Miles Davis","1992-01-01"
"84","Dearly Beloved","Wes Montgomery",291826,4,155.201,7,1,-16.292,0.402,0.406,0.0363,0.769,0.626,0.134,0.873,27,"Boss Guitar [Original Jazz Classics Remasters] (OJC Remaster)","2010-01-01"
"85","Dedicated To You","Ella Fitzgerald",193746,4,107.981,7,0,-14.295,0.765,0.0508,0.0533,0.989,6.27e-05,0.0869,0.462,10,"100 Songs For A Centennial","2017-04-21"
"86","Deluge - Rudy Van Gelder 24 Bit Mastering/1999 Digital Remaster","Wayne Shorter",413826,4,115.675,4,1,-8.333,0.553,0.536,0.0353,0.77,1.58e-05,0.129,0.449,21,"JuJu","1965-07-01"
"87","Desafinado","Stan Getz",249386,4,142.885,3,1,-17.5,0.466,0.146,0.0649,0.931,0.154,0.107,0.423,0,"Stan Getz: The Bossa Nova Albums","2008-01-01"
"88","Detour Ahead","Stan Getz",216626,3,82.992,9,1,-16.456,0.408,0.0554,0.0397,0.994,0.0308,0.109,0.318,0,"Getz For Lovers","2002-01-01"
"89","Dexterity","Charlie Parker",182573,3,105.505,8,1,-17.558,0.579,0.309,0.116,0.864,0.922,0.111,0.667,0,"Chasin' The Bird","2008-11-30"
"90","Dizzy Atmosphere","Dizzy Gillespie",170573,4,130.51,8,1,-7.877,0.602,0.537,0.0689,0.967,0.77,0.278,0.83,0,"Charlie Parker, Miles Davis & Friends","2007-01-01"
"91","Django","Oscar Peterson",439066,4,90.692,10,0,-20.014,0.53,0.167,0.0698,0.952,0.507,0.728,0.0956,6,"Walkman Jazz : Oscar Peterson","1987-01-01"
"92","Doin the Pig","Gary Burton",227426,4,98.364,2,1,-13.374,0.394,0.442,0.0312,0.277,0.224,0.0813,0.832,6,"Throb","1994-02-22"
"93","Dolores","Miles Davis",379666,4,138.432,7,0,-12.614,0.408,0.489,0.0409,0.0424,0.000274,0.368,0.567,0,"Miles Smiles","1967-01"
"94","Dolphin Dance","Herbie Hancock",618760,4,149.492,0,1,-16.352,0.364,0.358,0.0329,0.619,0.000296,0.16,0.264,0,"Herbie Hancock Trio with Ron Carter + Tony Williams","1982-10"
"95","Don't Blame Me","Charlie Parker",141466,4,136.991,7,1,-15.137,0.527,0.17,0.0351,0.983,0.942,0.682,0.524,2,"Late Night Jazz Essentials","2017-08-16"
"96","Don't Get Around Much Anymore","Duke Ellington",183693,4,95.528,10,0,-10.712,0.6,0.278,0.0431,0.819,4.55e-05,0.415,0.671,44,"The Duke: The Columbia Years (1927-1962)","2000-01-31"
"97","Donna Lee","Charlie Parker's All Stars",155106,3,77.786,10,0,-11.749,0.586,0.514,0.0546,0.835,0.000244,0.301,0.852,0,"The Essential Charlie Parker","2004"
"98","Dream A Little Dream Of Me","Louis Armstrong",196840,4,95.509,2,1,-18.087,0.461,0.185,0.0502,0.604,0,0.121,0.405,64,"What A Wonderful World","1968-01-01"
"99","Dreamsville - Remastered","Oscar Peterson",177974,4,63.78,7,1,-24.05,0.275,0.0582,0.0351,0.929,0.947,0.105,0.0436,16,"Motions & Emotions","2014-01-31"
"100","Easter Parade","Oscar Peterson",193000,4,114.025,3,0,-16.72,0.611,0.0946,0.0487,0.99,0.914,0.111,0.295,6,"Oscar Peterson Plays Irving Berlin","1960-11-07"
"101","Easy Living","Miles Davis",303960,4,107.337,7,1,-16.219,0.446,0.0498,0.0358,0.952,2.15e-06,0.106,0.12,35,"Blue Moods","1955"
"102","Easy To Love","Oscar Peterson",154466,4,103.038,0,1,-26.1,0.621,0.0721,0.0474,0.954,0.892,0.109,0.312,34,"Oscar Peterson Plays The Cole Porter Songbook","1959"
"103","Ecclusiastics","Charles Mingus",419106,4,113.392,5,1,-16.776,0.383,0.205,0.0398,0.887,0.0178,0.192,0.278,12,"Oh Yeah (Deluxe)","1962"
"104","Eighty-One","Miles Davis",373266,4,139.251,0,0,-10.872,0.489,0.419,0.0263,0.497,0.000402,0.284,0.606,6,"The Complete Columbia Studio Recordings Of The Miles Davis Quintet January 1965 To June 1968","1998-03-17"
"105","El Gaucho - Rudy Van Gelder Edition/2000 Digital Remaster/24 Bit Mastering","Wayne Shorter",390453,4,92.996,2,0,-12.253,0.575,0.444,0.0306,0.851,0.474,0.137,0.534,25,"Adam's Apple (Rudy Van Gelder Edition)","1967"
"106","Epistrophy","Thelonious Monk",647200,4,90.085,8,1,-18.244,0.473,0.285,0.0632,0.537,0.00639,0.0688,0.52,0,"Epistrophy","1961-01-01"
"107","Equinox - 2017 Remaster","John Coltrane",518866,4,117.03,8,0,-18.274,0.599,0.152,0.0336,0.801,0.424,0.072,0.238,13,"Trane: The Atlantic Collection (2017 Remaster)","2017-05-26"
"108","Equipoise","Max Roach",381066,3,81.664,9,1,-13.134,0.304,0.438,0.0476,0.171,0.0823,0.106,0.497,28,"Members Don't Get Weary","1968"
"109","E.S.P.","Miles Davis",329266,4,144.096,2,0,-8.543,0.408,0.61,0.0363,0.283,0,0.107,0.648,3,"Footprints: The Life And Music Of Wayne Shorter","2002"
"110","Fall","David Weiss",869880,3,114.174,9,1,-11.156,0.377,0.375,0.0334,0.725,0.402,0.712,0.142,2,"Endangered Species: The Music of Wayne Shorter (Live at Dizzy's Club Coca-Cola)","2013-08-13"
"111","Falling Grace","Rue De Paris",301826,4,131.37,7,0,-17.488,0.482,0.319,0.0318,0.934,0.848,0.0941,0.462,3,"New York Slow","2007-09-21"
"112","Falling In Love With Love","Eliane Elias",386600,4,117.965,8,1,-23.428,0.47,0.234,0.0391,0.778,0.872,0.2,0.535,0,"The Best of Eliane Elias On Denon","2010-04-07"
"113","Fee-Fi-Fo-Fum - Remastered1998/Rudy Van Gelder Edition","Wayne Shorter",354066,3,158.114,5,0,-7.74,0.457,0.498,0.037,0.76,0.000631,0.0858,0.367,32,"Speak No Evil","1966-06-01"
"114","A Fine Romance","Billie Holiday",214293,3,78.114,0,1,-11.842,0.632,0.324,0.0779,0.554,0,0.126,0.52,0,"Music For Torching","1955-10"
"115","500 Miles High","Chick Corea",545253,4,148.327,9,0,-8.715,0.397,0.744,0.0566,0.438,0.00394,0.188,0.29,25,"Light As A Feather (Deluxe Edition)","1998-01-01"
"116","502 Blues (Drinkin' And Drivin') - Rudy Van Gelder Edition/2000 Digital Remaster/24 Bit Mastering","Wayne Shorter",394466,3,126.309,9,0,-15.019,0.472,0.285,0.0342,0.921,0.133,0.115,0.236,39,"Adam's Apple (Rudy Van Gelder Edition)","1967"
"117","Follow Your Heart","Joe Farrell",413013,3,99.17,9,1,-11.644,0.437,0.42,0.0246,0.376,0.34,0.115,0.506,7,"The Essential John McLaughlin","2007-05-21"
"118","Footprints - Remastered","Wayne Shorter",449773,3,135.947,7,0,-11.19,0.53,0.454,0.028,0.768,0.116,0.113,0.492,48,"Adam's Apple (Rudy Van Gelder Edition)","1967"
"119","For All We Know","Wynton Marsalis",380666,4,117.038,5,1,-19.743,0.381,0.115,0.0393,0.94,0.963,0.121,0.132,12,"Hot House Flowers","1984-12-18"
"120","For Heaven's Sake","Bill Evans",266866,4,129.03,5,1,-19.624,0.494,0.123,0.0365,0.949,0.793,0.224,0.0834,0,"Days of Wine and Roses","2016-03-31"
"121","(I Love You) For Sentimental Reasons","Nat King Cole",172733,4,108.257,1,1,-19.092,0.444,0.0756,0.0342,0.993,0.108,0.0991,0.255,0,"For Sentimental Reasons","2002-11-04"
"122","Forest Flower - Sunrise - Live@Monterey","Charles Lloyd",450400,4,150.358,5,0,-17.825,0.374,0.408,0.0569,0.727,0.85,0.138,0.517,12,"The Best Of Charles Lloyd","1970"
"123","Four","Miles Davis",430066,4,100.057,1,1,-6.77,0.532,0.606,0.0335,0.504,1.49e-05,0.35,0.658,16,"Workin' With The Miles Davis Quintet","1959"
"124","Four On Six","Wes Montgomery",402946,4,117.468,7,0,-16.897,0.668,0.329,0.0603,0.902,0.016,0.122,0.681,0,"Smokin' At The Half Note (Expanded Edition)","1965"
"125","Freddie Freeloader (feat. John Coltrane, Cannonball Adderley, Wynton Kelly & Paul Chambers)","Miles Davis",586400,4,128.375,8,1,-15.831,0.639,0.186,0.0347,0.704,0.00104,0.118,0.498,52,"Kind Of Blue (Legacy Edition)","1959-08-17"
"126","Freedom Jazz Dance","Eddie Harris",590386,4,86.105,3,1,-13.474,0.677,0.479,0.0483,0.346,0.00011,0.0907,0.81,0,"Greater Than the Sum of His Parts","2009-07-08"
"127","Full House - Live","Wes Montgomery",556080,3,182.875,5,0,-14.239,0.506,0.45,0.056,0.663,0.218,0.738,0.813,4,"Full House (Live / Keepnews Collection)","2007-01-01"
"128","Gee Baby, Ain't I Good To You - Remastered","Kenny Burrell",265226,4,67.349,10,1,-19.82,0.667,0.0732,0.0693,0.853,1.8e-05,0.168,0.158,38,"Midnight Blue (The Rudy Van Gelder Edition)","1963"
"129","Gemini","Jimmy Heath",372560,3,180.025,8,1,-17.308,0.308,0.334,0.0296,0.335,7.06e-06,0.166,0.622,0,"Triple Threat","2014-03-25"
"130","Giant Steps","John Coltrane",283439,4,148.243,0,0,-10.746,0.431,0.491,0.0562,0.441,0.000458,0.134,0.577,0,"Giant Steps (Deluxe Edition)","1960"
"131","The Girl From Ipanema","Stan Getz",324600,4,130.135,5,0,-19.119,0.663,0.113,0.0477,0.897,0.000406,0.114,0.401,0,"Getz/Gilberto","1964-04"
"132","Gloria's Step - Take 2 / Live At The Village Vanguard, NYC; 6/25/1961","Bill Evans",367840,3,80.317,5,0,-21.314,0.49,0.23,0.0337,0.876,0.912,0.233,0.361,33,"Sunday At The Village Vanguard [Keepnews Collection]","1961"
"133","God Bless the Child - 2000 Remastered Version","Billie Holiday",174280,4,77.252,0,0,-11.971,0.462,0.119,0.0351,0.993,0.000129,0.217,0.228,17,"The Man I Love","2000-10-24"
"134","Golden Lady","Stevie Wonder",298466,4,101.906,0,0,-9.793,0.42,0.802,0.0654,0.256,0,0.21,0.546,47,"Innervisions","1973-08-03"
"135","Grand Central","John Coltrane",269866,4,129.419,6,1,-13.097,0.493,0.424,0.0359,0.713,0.000108,0.245,0.657,0,"My Favorite Things","2015-11-24"
"136","The Green Mountains","Gary Burton",220866,4,130.282,0,1,-14.93,0.577,0.262,0.0487,0.935,0.747,0.111,0.323,4,"Country Roads & Other Places","1969"
"137","Groovin' High","Dizzy Gillespie",163906,4,95.035,8,1,-13.79,0.691,0.187,0.0507,0.986,0.935,0.162,0.692,14,"Groovin' High","2010-04-07"
"138","Grow Your Own","Gary Burton",294133,4,128.521,0,1,-10.456,0.583,0.56,0.0283,0.578,0.395,0.148,0.489,13,"Gary Burton & Keith Jarrett","1971"
"139","Guilty","Ella Fitzgerald",193080,4,87.896,0,1,-13.83,0.552,0.111,0.0405,0.985,1.76e-05,0.194,0.609,0,"Ella Fitzgerald: The Voice Of Jazz","2013-01-01"
"140","The Gypsy In My Soul","Anita O'Day",151746,4,109.626,10,1,-14.602,0.567,0.126,0.0419,0.978,1.55e-05,0.116,0.462,2,"Compact Jazz","1993-01-01"
"141","Half Nelson","Charlie Parker & Miles Davis",164253,4,94.466,2,1,-12.269,0.576,0.356,0.0667,0.834,0.000124,0.211,0.719,0,"Bird & Miles","2017-06-30"
"142","Have You Met Miss Jones?","Oscar Peterson",253840,4,81.187,2,0,-20.716,0.698,0.0926,0.05,0.861,0.49,0.0887,0.0961,0,"We Get Requests","1964"
"143","Heaven / Le Sucre Velours","The Duke Ellington Octet",416453,5,52.001,5,0,-18.534,0.534,0.243,0.0337,0.986,0.857,0.539,0.053,0,"The Duke Ellington Octet at The Rainbow Grill","2006-01-01"
"144","Heebie Jeebies","Louis Armstrong & His Hot Five",171733,4,164.459,1,1,-10.663,0.668,0.321,0.0916,0.983,2.67e-05,0.141,0.592,5,"Columbia Original Masters","1925"
"145","Here's That Rainy Day","Wes Montgomery",299653,4,144.132,4,1,-15.073,0.639,0.314,0.0322,0.85,0.726,0.317,0.657,0,"Movin’: The Complete Verve Recordings","2011-01-01"
"146","Hello, Young Lovers (Remastered)","Hank Mobley",483946,4,107.899,5,0,-12.38,0.587,0.381,0.048,0.883,0.000834,0.11,0.617,0,"The Rodgers and Hammerstein Jazz Book","2013-10-22"
"147","Hot Toddy","Toots Thielemans",146472,4,118.447,2,1,-12.618,0.701,0.255,0.0401,0.853,0.0121,0.296,0.467,0,"Jazz Side Story (A Timeless Jazz Recordings)","2014-06-27"
"148","House Of Jade - Rudy Van Gelder 24 Bit Mastering/1999 Digital Remaster","Wayne Shorter",413640,3,98.488,7,0,-10.087,0.427,0.308,0.0283,0.894,0.00587,0.117,0.178,24,"JuJu","1965-07-01"
"149","How High the Moon?","Oscar Peterson",545280,4,114.27,7,1,-17.595,0.512,0.24,0.0468,0.879,0.916,0.7,0.418,0,"Groove Diggin', Vol. 3","2015-05-08"
"150","How Insensitive (Insensatez)","Wes Montgomery",227400,4,146.792,7,0,-19.958,0.683,0.244,0.038,0.844,0.433,0.111,0.745,0,"Movin’: The Complete Verve Recordings","2011-01-01"
"151","How My Heart Sings","Bill Evans",299960,4,107.049,4,0,-15.699,0.457,0.276,0.0381,0.86,0.162,0.135,0.32,29,"How My Heart Sings! [Original Jazz Classics Remasters]","1964"
"152","Hullo, Bolinas","Gary Burton",287453,4,65.104,9,0,-19.267,0.294,0.425,0.0558,0.957,0.874,0.728,0.387,2,"Quartet Live!","2009-01-01"
"153","I Can't Get Started","Lester Young",221293,4,129.722,0,1,-19.099,0.58,0.0242,0.0674,0.986,0.0778,0.107,0.178,0,"Lester Young With The Oscar Peterson Trio","1997-01-01"
"154","I Can't Give You Anything But Love","Red Garland",301773,4,92.822,5,1,-19.829,0.552,0.169,0.0555,0.889,0.899,0.0938,0.44,38,"Red Garland's Piano","1957"
"155","I Could Write A Book","Miles Davis",306506,4,115.197,3,1,-6.031,0.629,0.639,0.0411,0.737,0.00598,0.241,0.778,15,"Relaxin' With The Miles Davis Quintet","1958"
"156","I Got It Bad (And That Ain't Good)","Duke Ellington",155946,3,62.883,7,0,-10.868,0.522,0.209,0.0383,0.83,0.346,0.0559,0.203,8,"The Popular Duke Ellington","1966"
"157","I Let A Song Go Out Of My Heart","Thelonious Monk",340506,4,145.572,0,0,-22.138,0.541,0.0908,0.0423,0.964,0.87,0.118,0.521,0,"Thelonious Monk Plays Duke Ellington","1955"
"158","I Love Paris","Charlie Parker",307133,4,124.035,0,1,-12.994,0.521,0.255,0.0348,0.892,0.0559,0.111,0.52,0,"The Cole Porter Songbook","2005-09-15"
"159","I Love You","Oscar Peterson",186000,4,79.305,5,0,-15.936,0.596,0.281,0.0372,0.99,0.905,0.122,0.433,10,"Oscar Peterson Plays Cole Porter","1953-04-08"
"160","I Mean You - Live From Salle Pleyel, Paris, France/1969","Thelonious Monk",441026,4,101.733,7,0,-9.989,0.467,0.592,0.0421,0.521,0.00553,0.931,0.569,14,"Paris 1969 (Live From Salle Pleyel, Paris, France/1969)","2013-01-01"
"161","I Remember Clifford - Remastered","Lee Morgan",429040,4,62.055,0,0,-8.597,0.376,0.278,0.0416,0.912,0.886,0.0728,0.199,0,"The Sidewinder","2015-11-04"
"162","I Should Care","Thelonious Monk",117440,4,114.61,2,1,-10.279,0.628,0.135,0.114,0.983,0.936,0.0937,0.103,28,"Solo Monk","1964"
"163","I Wish I Knew How It Would Feel to Be Free","Nina Simone",188613,4,122.253,10,1,-8.501,0.687,0.51,0.076,0.745,0,0.117,0.666,63,"Silk & Soul (Expanded Edition)","1967"
"164","I'll Never Smile Again","Django Reinhardt",160773,4,97.751,5,1,-14.341,0.614,0.0895,0.0426,0.965,0.00585,0.141,0.531,7,"Peche A La Mouche","1992"
"165","I'll Remember April","Miles Davis",472466,4,126.333,7,1,-15.259,0.627,0.358,0.039,0.756,0.00234,0.123,0.68,20,"Blue Haze","1956"
"166","I'm All Smiles","Hampton Hawes",311600,3,177.031,2,1,-11.15,0.299,0.412,0.0315,0.791,0.0276,0.0818,0.193,0,"Happy Jazz","2013-10-29"
"167","I'm Beginning to See the Light - 1990 Remaster","Louis Armstrong",217866,4,154.109,8,1,-9.731,0.558,0.404,0.0945,0.63,0,0.12,0.631,13,"The Great Summit - The Master Tapes","2001-01-08"
"168","I'm Your Pal","Steve Swallow",184506,4,83.369,0,1,-25.779,0.294,0.062,0.0337,0.979,0.918,0.0969,0.183,1,"A Genuine Tong Funeral","1999-03-25"
"169","Icarus","JazzTrax",380800,4,150.001,7,1,-32.743,0.67,0.137,0.0416,0.833,0.909,0.184,0.862,2,"Vol 5","2017-02-04"
"170","If You Never Come To Me (Inútil Paisagen)","Antônio Carlos Jobim",131586,4,96.085,0,1,-16.756,0.309,0.178,0.032,0.786,0.000731,0.106,0.114,33,"Sinatra/Jobim: The Complete Reprise Recordings","1967-03"
"171","Impressions","John Coltrane",880268,3,98.207,0,1,-11.308,0.315,0.776,0.0806,0.0932,0,0.417,0.546,0,"Now Playing John Coltrane","2015-04-02"
"172","In a Mellow Tone","Duke Ellington",173632,4,148.26,8,1,-11.671,0.504,0.305,0.0401,0.481,0,0.0306,0.667,26,"The Duke (Remastered 2014)","2014-07-29"
"173","In A Sentimental Mood","Duke Ellington",258226,4,108.154,10,0,-13.608,0.47,0.244,0.0335,0.951,0.0509,0.109,0.264,0,"Duke Ellington & John Coltrane","1963-02"
"174","In the Mood","Joe Garland",188813,4,188.983,8,1,-12.974,0.65,0.431,0.0966,0.583,0.402,0.0501,0.825,9,"Those Were Our Songs: Hits from World War II","2012-01-03"
"175","In The Wee Small Hours Of The Morning - Live","Oscar Peterson",487000,4,97.512,7,1,-26.219,0.37,0.107,0.039,0.979,0.908,0.711,0.0585,19,"The Trio Live From Chicago (Expanded Edition)","1961-01-01"
"176","In Your Quiet Place","The New Gary Burton",440663,4,103.818,7,1,-12.266,0.386,0.315,0.0359,0.957,0.593,0.107,0.0679,7,"Common Ground","2011-06-07"
"177","The Inch Worm","John Coltrane",374306,3,170.477,0,0,-10.745,0.34,0.437,0.035,0.444,0,0.0983,0.652,17,"Coltrane (Deluxe Edition - Rudy Van Gelder Remaster)","1962"
"178","Indian Lady","Multiple Personalities",364013,4,140.786,9,1,-26.067,0.38,0.0993,0.0377,0.97,0.874,0.0991,0.105,2,"Milcho Leviev Plays the Music of Don Ellis","2006-08-29"
"179","Inner Urge - Rudy Van Gelder Edition; 2004 Digital Remaster","Joe Henderson",718960,3,79.9,5,0,-9.923,0.364,0.679,0.0642,0.497,6.43e-06,0.217,0.45,38,"Inner Urge (The Rudy Van Gelder Edition)","2004-01-01"
"180","Interplay","Bill Evans",490626,4,112.993,1,1,-16.566,0.611,0.222,0.0347,0.833,0.31,0.107,0.405,17,"Interplay","1962"
"181","The Intrepid Fox","Freddie Hubbard",643706,4,143.404,5,0,-12.026,0.397,0.54,0.0385,0.594,0.00133,0.152,0.489,24,"Red Clay","1970"
"182","Invitation","Roy Hargrove",413080,4,137.361,1,1,-8.142,0.447,0.621,0.0389,0.351,0.834,0.0857,0.618,0,"American Jazz Essentials - Trumpet","2013-11-26"
"183","Iris","Miles Davis",510893,3,94.571,1,1,-12.237,0.457,0.195,0.0346,0.835,0.0633,0.132,0.206,21,"E.S.P.","1965-11"
"184","Isn't It Romantic","Oscar Peterson",232520,4,74.863,3,1,-19.343,0.448,0.136,0.0392,0.988,0.909,0.12,0.183,0,"The Complete Mercury/Clef Recordings","2011-01-01"
"185","Is You Is Or Is You Ain't (Ma Baby)?","Louis Jordan & His Tympany Five",166053,4,137.727,8,1,-11.107,0.794,0.241,0.074,0.882,5.29e-06,0.153,0.52,0,"Jukebox Hits Volume 1 1942-1947","2005-06-21"
"186","Isotope - Rudy Van Gelder Edition / 2004 Digital Remaster","Joe Henderson",556226,4,96.835,5,1,-9.888,0.525,0.586,0.0441,0.456,0,0.226,0.583,31,"Inner Urge (The Rudy Van Gelder Edition)","2004-01-01"
"187","Israel","Bill Evans",286600,4,106.546,7,0,-19.258,0.486,0.351,0.0617,0.914,0.883,0.101,0.591,0,"Bill Evans: Star Stylist","2013-10-29"
"188","It Don't Mean a Thing (If It Ain't Got That Swing)","Louis Armstrong",240040,4,96.247,7,0,-13.247,0.714,0.226,0.197,0.543,0.0255,0.593,0.545,46,"The Great Reunion","1963"
"189","It's Easy To Remember","Oscar Peterson",208640,3,99.353,0,1,-20.51,0.579,0.123,0.0335,0.98,0.827,0.167,0.388,0,"The Complete Mercury/Clef Recordings","2011-01-01"
"190","Jelly Roll","Charles Mingus",375000,4,123.926,8,1,-17.306,0.658,0.176,0.0544,0.471,0.000523,0.0784,0.521,29,"Mingus Ah Um","1959"
"191","Jordu","Duke Jordan",297666,4,168.724,8,1,-16.348,0.468,0.202,0.0399,0.937,0.894,0.135,0.715,1,"Which Way Did My Heart Go","2017-06-29"
"192","Journey to Recife","The Paul Winter Sextet",157880,4,95.846,5,1,-12.774,0.507,0.439,0.041,0.195,0,0.0836,0.64,12,"Jazz Meets the Bossa Nova","1962-08-26"
"193","Joy Spring","Clifford Brown",408026,4,82.019,5,0,-12.375,0.686,0.345,0.0552,0.705,0.849,0.156,0.691,0,"The Definitive Clifford Brown","2002-01-01"
"194","Juju - Rudy Van Gelder 24 Bit Mastering / 1999 Digital Remaster","Wayne Shorter",515826,3,174.15,6,1,-7.919,0.308,0.741,0.0593,0.773,0.0149,0.169,0.265,21,"JuJu","1965-07-01"
"195","June In January","Wes Montgomery",401640,4,133.3,8,1,-20.035,0.439,0.314,0.0385,0.786,0.79,0.113,0.776,7,"Groove Brothers","1998-01-01"
"196","Jump Monk","Charles Mingus",413200,4,91.768,5,0,-12.148,0.449,0.46,0.033,0.854,3.36e-05,0.111,0.691,3,"BD Music & Louis Joos Present Charles Mingus","2005-06-25"
"197","Just One More Chance","Billie Holiday",225653,3,174.723,0,1,-12.001,0.251,0.214,0.0422,0.731,6e-04,0.0962,0.207,0,"The Complete Verve Studio Master Takes","2005-01-01"
"198","Kelo","Miles Davis Sextet",196191,4,114.778,5,0,-11.302,0.455,0.658,0.0457,0.583,0.00084,0.335,0.906,12,"Miles Davis (Vol. 1)","1956"
"199","Lady Bird","Tadd Dameron Septet",172173,3,176.239,0,1,-6.999,0.356,0.585,0.0487,0.863,0.000558,0.245,0.746,10,"The Fabulous Fats Navarro [Vol. 2 (Expanded Edition)]","1957-01-01"
"200","Lady Sings The Blues","Billie Holiday",223826,4,121.723,0,0,-14.221,0.414,0.158,0.0377,0.954,0,0.173,0.214,0,"Lady Sings The Blues","1956"
"201","Lament","Miles Davis",137733,5,132.067,2,0,-27.274,0.205,0.012,0.0401,0.968,0.825,0.0813,0.091,19,"Miles Ahead (Expanded Edition)","1957-11"
"202","Las Vegas Tango","Gil Evans",398760,4,100.186,9,0,-13.577,0.319,0.474,0.0363,0.128,0.0159,0.313,0.277,0,"History","2014-05-26"
"203","Lazy Bird - Alternate Take / Remastered 2003/Rudy Van Gelder Edition","John Coltrane",432586,4,123.322,0,0,-8.759,0.528,0.583,0.0497,0.683,0.0012,0.0331,0.665,25,"Blue Train (Expanded Edition)","1958"
"204","Lazy River","Louis Armstrong",184706,4,99.867,4,0,-10.914,0.529,0.276,0.0664,0.972,0.00211,0.161,0.427,18,"The Essential Louis Armstrong","2004"
"205","Like Someone in Love - Live","Oscar Peterson",676168,4,110.895,8,1,-26.72,0.46,0.0643,0.0378,0.949,0.909,0.0756,0.0986,9,"Exclusively for My Friends: Action, Vol. I","2014-01-31"
"206","Limehouse Blues","Django Reinhardt",166000,4,140.749,2,1,-10.713,0.687,0.53,0.0324,0.937,0.76,0.121,0.827,3,"Platinum","2008-04-18"
"207","Little Boat","The Paul Winter Sextet",187266,4,93.351,10,1,-9.272,0.479,0.619,0.0412,0.522,0.186,0.109,0.507,1,"Jazz Meets the Bossa Nova (Bossa Nova Jazz - Album Master)","2013-05-02"
"208","Lines & Spaces","Joe Lovano",386800,4,84.138,2,1,-12.989,0.485,0.438,0.0349,0.739,0.229,0.37,0.524,6,"From The Soul","1992-01-01"
"209","Litha","Chick Corea",811226,3,141.52,9,0,-14.637,0.364,0.432,0.0421,0.224,0.000138,0.229,0.297,15,"Tones For Joan's Bones","1968-04-20"
"210","Little Waltz","Ron Carter",509400,4,125.007,1,1,-23.315,0.443,0.107,0.0453,0.884,0.245,0.109,0.137,9,"Uptown Conversation","1989"
"211","Long Ago (And Far Away)","Art Pepper",250973,4,133.107,8,1,-9.585,0.695,0.481,0.0501,0.472,0,0.132,0.71,4,"The Capitol Vaults Jazz Series","2011-01-01"
"212","Lonnie's Lament","John Coltrane",707666,4,108.145,0,0,-15.917,0.492,0.234,0.0362,0.893,0.146,0.13,0.183,17,"The Classic Quartet-Complete Impulse! Studio Recordings","1998-11-17"
"213","Look To The Sky","Antônio Carlos Jobim",140266,4,132.365,4,0,-22.465,0.488,0.126,0.0337,0.92,0.967,0.0909,0.624,0,"Wave","1967-01-01"
"214","Love Is the Sweetest Thing","Ray Noble",201556,4,101.562,1,1,-14.74,0.432,0.148,0.0358,0.974,0.283,0.115,0.344,0,"Ray Noble & His Orchestra","1933-01-01"
"215","Lucky Southern","Ben Paterson",226040,4,115.658,2,1,-13.633,0.612,0.48,0.0507,0.428,0.855,0.104,0.673,33,"Essential Elements","2013"
"216","Lullaby Of Birdland","Ella Fitzgerald",171000,4,109.811,0,0,-5.785,0.467,0.404,0.0344,0.911,0,0.291,0.506,0,"Lullabies Of Birdland","1956"
"217","Lush Life","John Coltrane",329613,4,53.804,6,1,-15.81,0.386,0.119,0.0422,0.95,4.4e-05,0.156,0.118,0,"In a Sentimental Mood - The very Best of","2014-04-02"
"218","The Magician In You","Keith Jarrett",412293,4,73.242,0,1,-15.034,0.56,0.382,0.0357,0.792,0.777,0.0947,0.475,11,"Expectations","1972-01-01"
"219","Mahjong (Remastered)","Wayne Shorter",464360,4,84.219,0,0,-8.77,0.361,0.479,0.0298,0.743,9.09e-06,0.185,0.415,0,"Speak No Evil","2015-10-12"
"220","Maiden Voyage - Remastered","Herbie Hancock",477093,4,124.379,0,0,-9.706,0.467,0.459,0.0305,0.719,0.00312,0.0944,0.178,48,"Maiden Voyage","1965-05-17"
"221","Un homme et une femme - Instrumental","Francis Lai",161586,4,130.917,9,1,-8.677,0.447,0.343,0.029,0.692,0.00067,0.0689,0.641,53,"Un homme et une femme (Original Motion Picture Soundtrack)","1966"
"222","Man In the Green Shirt","Weather Report",387200,4,149.112,0,0,-10.579,0.374,0.713,0.0643,0.0151,0.0263,0.0898,0.672,3,"The Best Of Weather Report","2002"
"223","Meditacao","João Gilberto",106866,4,156.691,2,1,-17.476,0.381,0.112,0.037,0.947,0.000961,0.163,0.394,0,"Chilling with Joao Gelberto","2016-11-17"
"224","Memories Of Tomorrow","Kidd Karrim",233773,4,90.146,0,1,-8.519,0.486,0.554,0.0388,0.201,0.000142,0.185,0.467,2,"Kidd Karrim - Latin Jazz Pasaje from There to Here","2012-03-12"
"225","Michelle - Remastered 2009","The Beatles",162373,4,117.403,5,0,-12.501,0.578,0.29,0.0341,0.652,0,0.105,0.666,66,"Rubber Soul (Remastered)","1965-12-03"
"226","Midnight Mood","Wes Montgomery",324000,4,62.704,1,1,-23.874,0.417,0.0449,0.0348,0.892,0.827,0.107,0.121,20,"Tequila (Expanded Edition)","1966-12-03"
"227","B and G (Midwestern Night's Dream)","Gary Burton",413280,4,109.414,11,0,-20.618,0.367,0.265,0.0292,0.958,0.883,0.691,0.153,5,"Quartet Live!","2009-01-01"
"228","Milano - From ""The Jazztet & John Lewis","Art Farmer",290880,4,106.877,5,1,-11.149,0.453,0.287,0.0311,0.848,0.282,0.0821,0.308,0,"Here and Now / Another Git Together / The Jazztet & John Lewis","2012-12-12"
"229","Minority","Gigi Gryce",394226,4,131.516,5,0,-12.579,0.45,0.482,0.0398,0.553,0.000502,0.308,0.703,0,"The Hap'nin's - EP","2013-02-22"
"230","Miss Ann","Eric Dolphy",255800,4,126.226,11,0,-15.136,0.535,0.468,0.0499,0.737,0.00786,0.598,0.886,12,"Far Cry","1962"
"231","Missouri Uncompromised","Gary Burton",453613,4,126.571,2,1,-15.415,0.375,0.556,0.0501,0.755,0.777,0.678,0.455,3,"Quartet Live!","2009-01-01"
"232","Mr. P.C.","John Coltrane",423160,4,131.121,5,0,-11.89,0.475,0.541,0.0749,0.466,1.24e-05,0.319,0.596,0,"Giant Steps (Deluxe Edition)","1960"
"233","Misty","Erroll Garner",169373,4,95.291,10,0,-16.061,0.424,0.188,0.0422,0.943,0.615,0.167,0.15,49,"The Original Misty","1988-08-15"
"234","Miyako","Wayne Shorter",300800,4,209.942,4,0,-16.602,0.156,0.131,0.0353,0.942,0.269,0.139,0.102,0,"Speak No Evil","2015-10-12"
"235","Mood Indigo","Duke Ellington",189653,4,88.445,5,1,-11.102,0.688,0.155,0.0388,0.935,0.788,0.141,0.226,18,"The Collection","1984-01-01"
"236","Moment's Notice","John Coltrane Sextet",550760,4,124,3,1,-10.873,0.549,0.478,0.0374,0.788,0.052,0.205,0.792,2,"Blue Train","2010-11-21"
"237","Moonchild / In Your Quiet Place","Gary Burton",443040,4,59.559,7,1,-16.715,0.254,0.259,0.0342,0.918,0.184,0.0742,0.0929,26,"Gary Burton & Keith Jarrett","1971"
"238","The Most Beautiful Girl in the World","Frank Sinatra",143640,4,82.9,10,1,-6.859,0.334,0.879,0.145,0.48,0,0.327,0.628,24,"Strangers In The Night (Expanded Edition)","1966-05"
"239","My Buddy","Glenn Miller",160093,4,73.805,1,1,-19.794,0.198,0.161,0.0377,0.906,0.694,0.63,0.0564,3,"Big Band Jazz Greats, Vol. 11","1990"
"240","My Favorite Things","Dave Brubeck",176466,4,108.757,9,0,-20.823,0.45,0.236,0.0346,0.712,0.824,0.0769,0.463,29,"Time Signatures: A Career Retrospective","1992"
"241","My Foolish Heart","Oscar Peterson",297920,4,70.788,0,1,-19.446,0.204,0.124,0.0336,0.952,0.885,0.319,0.0776,18,"Oscar Peterson & Nelson Riddle","2009-01-01"
"242","My Funny Valentine - Rudy Van Gelder Remaster 2007","Miles Davis",363800,4,140.3,0,0,-14.981,0.506,0.115,0.0374,0.895,0.000958,0.152,0.282,14,"The Very Best Of The Miles Davis Quintet","2012-01-01"
"243","My One And Only Love","Chick Corea",216706,4,159.504,10,0,-23.533,0.351,0.209,0.0361,0.819,0.914,0.102,0.448,34,"The Best Of Chick Corea","1993-01-01"
"244","My Romance - Rudy Van Gelder Remaster","Gene Ammons",253906,3,141.331,1,1,-17.312,0.486,0.0163,0.0502,0.953,0.918,0.133,0.306,33,"Gentle Jug, Volume 2","1995-01-01"
"245","My Shining Hour - 2017 Remaster","John Coltrane",292080,4,112.741,9,0,-16.823,0.634,0.268,0.0482,0.771,0.000106,0.276,0.7,10,"Trane: The Atlantic Collection (2017 Remaster)","2017-05-26"
"246","My Ship","Miles Davis",267933,4,102.853,2,0,-24.077,0.179,0.0223,0.0346,0.978,0.839,0.0862,0.0537,24,"Miles Ahead (Expanded Edition)","1957-11"
"247","My Way","Frank Sinatra",274933,4,150.661,2,1,-7.733,0.279,0.454,0.0316,0.395,0,0.198,0.216,55,"Ultimate Sinatra","2015-04-21"
"248","Mysterious Traveler","Weather Report",439933,4,101.609,9,1,-10.622,0.509,0.735,0.0622,0.549,6.45e-05,0.112,0.332,3,"Weather Report Recordings Of Wayne Shorter Compositions 1","1970"
"249","Naima","John Coltrane",258266,3,171.439,10,0,-19.759,0.303,0.0141,0.0418,0.948,0.0944,0.0792,0.157,1,"Giant Steps (Deluxe Edition)","1960"
"250","Nardis","Bill Evans",338800,4,85.608,0,1,-21.235,0.541,0.265,0.0447,0.593,0.628,0.68,0.492,0,"The Miles Davis Songbook","2013-09-03"
"251","Nefertiti","Miles Davis",471240,4,107.932,1,1,-9.221,0.329,0.504,0.0351,0.316,0.373,0.264,0.123,3,"The Essential Wayne Shorter","2014-05-09"
"252","Never Will I Marry","Cannonball Adderley",139733,4,98.148,7,1,-12.888,0.582,0.172,0.0471,0.683,0,0.0838,0.321,15,"The Best Of Nancy Wilson: The Jazz And Blues Sessions","1996-01-01"
"253","Nica's Dream","Horace Silver",407466,4,128.885,5,0,-16.005,0.501,0.331,0.0487,0.712,0.00763,0.104,0.701,24,"Horace - Scope","1990-01-01"
"254","Night Dreamer - Remastered 2004","Wayne Shorter",435440,4,100.398,3,1,-9.626,0.459,0.545,0.055,0.781,0.00789,0.162,0.438,36,"Night Dreamer","1964-11-01"
"255","The Night Has a Thousand Eyes","John Coltrane",411293,4,112.017,2,1,-14.487,0.542,0.378,0.036,0.717,0.00347,0.083,0.383,31,"Coltrane's Sound","1964-06"
"256","A Night In Tunisia","Dizzy Gillespie",334333,4,147.274,10,1,-13.149,0.466,0.327,0.0439,0.757,0.248,0.061,0.373,0,"In Person","2014-03-26"
"257","Nobody Knows You When You're Down And Out - Live In New York/1965","Nina Simone",158200,1,115.979,9,1,-11.933,0.482,0.318,0.0377,0.897,0,0.0785,0.411,0,"Pastel Blues","1965-10"
"258","Night Train","Oscar Peterson",290133,4,104.071,0,1,-22.4,0.703,0.109,0.0608,0.917,0.709,0.159,0.304,18,"Verve Jazz Masters 16: Oscar Peterson","1994"
"259","Nostalgia in Times Square","Mingus Big Band",400666,4,156.83,1,1,-12.791,0.432,0.531,0.0683,0.436,0.0216,0.158,0.559,28,"Nostalgia in Times Square","1993-07-01"
"260","Nuages","Django Reinhardt",196293,4,81.695,7,1,-18.675,0.41,0.119,0.0451,0.993,0.902,0.119,0.347,24,"Peche A La Mouche","1992"
"261","""Old Man From"" The Old Country","Lloyd Chisholm",441120,4,138.53,2,0,-18.065,0.525,0.164,0.053,0.907,0.407,0.102,0.299,0,"From the Moon","2005"
"262","Oleo - 2007 Remastered Version","Miles Davis",350880,4,133.209,10,1,-8.619,0.591,0.442,0.0542,0.854,0.161,0.0885,0.716,13,"Trane's Blues","2007-09-10"
"263","Oliloqui Valley - Alternate Take / Remastered","Herbie Hancock",647480,4,97.771,11,0,-8.738,0.479,0.594,0.0435,0.814,0.00169,0.105,0.349,19,"Empyrean Isles (Expanded Edition)","1964-06-17"
"264","Once I Loved","Astrud Gilberto",133573,4,139.865,11,0,-14.78,0.356,0.266,0.0335,0.762,1.78e-05,0.14,0.387,0,"The Collection","2014-04-02"
"265","Once In Love With Amy","Mel Tormé",192400,4,62.817,5,1,-17.54,0.628,0.106,0.0636,0.813,0,0.285,0.388,11,"Mel Torme: Swings Shubert Alley","1960-01-01"
"266","One Note Samba","Dizzy Gillespie",314466,4,102.149,8,1,-13.501,0.717,0.361,0.0939,0.462,0.00742,0.0832,0.45,0,"New Wave!","1963-03-01"
"267","Only Trust Your Heart","The New Stan Getz",267026,4,121.506,5,1,-20.358,0.426,0.14,0.0437,0.933,5.03e-06,0.691,0.396,0,"Bossa Nova: Verve Jazz Masters 53: Stan Getz","1996-01-01"
"268","Orbits","Wayne Shorter",367413,3,81.822,1,1,-12.229,0.379,0.306,0.0612,0.878,0.714,0.277,0.259,0,"Speak No Evil","2015-10-12"
"269","Ornithology","Charlie Parker",180000,4,113.164,3,1,-11.34,0.704,0.411,0.227,0.892,0.018,0.146,0.767,12,"Parker, Charlie: Ornithology (1945-1947)","2001-11-25"
"270","Out of Nowhere","Coleman Hawkins",199093,4,122.571,8,1,-8.572,0.696,0.376,0.0434,0.946,0.865,0.0762,0.648,24,"Saga Jazz: European Delights 1933-1939","2006-08-21"
"271","Paper Doll (03 - 07 - 44)","Wingy Manone",169360,4,204.382,10,1,-10.324,0.616,0.44,0.149,0.663,0.139,0.0499,0.586,1,"Complete Jazz Series 1940 - 1944","2009-04-27"
"272","Passion Dance","McCoy Tyner",527426,4,118.942,1,1,-8.653,0.473,0.771,0.0457,0.437,0,0.113,0.474,31,"The Real McCoy (Remastered / Rudy Van Gelder Edition)","1967"
"273","Passion Flower","Billy Strayhorn",223329,4,134.044,0,1,-18.104,0.464,0.0589,0.0437,0.99,0.937,0.258,0.0697,0,"Piano Passion","2005-09-20"
"274","Peace","Horace Silver",362600,4,93.628,1,0,-17.92,0.535,0.0972,0.0416,0.977,0.824,0.101,0.168,9,"The Best Of Horace Silver","1988-01-01"
"275","Peggy's Blue Skylight","Charles Mingus",771520,4,150.125,8,1,-10.848,0.309,0.513,0.0366,0.285,0.00156,0.317,0.505,3,"Charles Mingus In Paris - The Complete America Session","1970"
"276","Pent-Up House","Sonny Rollins",533866,4,93.605,7,1,-14.514,0.548,0.397,0.0323,0.762,0.000795,0.347,0.78,20,"The Complete Prestige Recordings","1992-01-01"
"277","Penthouse Serenade","Erroll Garner",180493,4,68.625,8,1,-16.949,0.563,0.196,0.117,0.887,0.854,0.102,0.473,0,"Joyful!","2009-11-11"
"278","Peri's Scope","Bill Evans",195973,4,90.935,0,1,-18.016,0.567,0.223,0.0329,0.944,0.51,0.124,0.638,0,"Spring Is Here","1960-01-01"
"279","Pfrancing (feat. Hank Mobley, Wynton Kelly, Paul Chambers & Jimmy Cobb)","Miles Davis",510160,4,137.544,0,0,-12.79,0.577,0.383,0.0442,0.762,0.000173,0.114,0.564,26,"Someday My Prince Will Come","1961-12-11"
"280","Pinocchio","Miles Davis",305400,4,106.154,7,1,-10.605,0.452,0.511,0.0374,0.106,0.00077,0.215,0.343,22,"Nefertiti (Expanded Edition)","1968-03"
"281","Pithecanthropus Erectus","Charles Mingus",637133,4,73.888,5,0,-15.602,0.457,0.226,0.0543,0.702,0.0118,0.12,0.473,24,"Pithecanthropus Erectus","1956"
"282","Portsmouth Figurations","Gary Burton",331560,4,153.09,4,0,-11.099,0.33,0.68,0.0358,0.172,0.0704,0.721,0.678,3,"Live In Tokyo","1972"
"283","Prelude to a Kiss","Duke Ellington",176133,4,81.981,5,0,-16.155,0.326,0.152,0.0342,0.983,0.947,0.126,0.111,13,"The Essential Duke Ellington","2007-09-04"
"284","Prince of Darkness","Miles Davis",385826,4,125.578,7,1,-10.291,0.422,0.507,0.0401,0.0481,0.000987,0.357,0.333,0,"Sorcerer","1967-12"
"285","P.S. I Love You","Billie Holiday",215440,4,111.61,5,1,-17.022,0.506,0.0777,0.0516,0.844,0,0.134,0.334,0,"The Complete Verve Studio Master Takes","2005-01-01"
"286","Pussy Cat Dues","Charles Mingus",552826,4,68.463,8,1,-19.272,0.523,0.105,0.0686,0.81,0.202,0.108,0.285,28,"Mingus Ah Um","1959"
"287","Quiet Nights Of Quiet Stars (Corcovado)","Oscar Peterson",172400,4,90.472,2,0,-18.634,0.615,0.336,0.0589,0.784,0.85,0.113,0.45,0,"We Get Requests","1964"
"288","Quiet Now","Bill Evans",373666,4,103.526,4,0,-23.01,0.434,0.0633,0.0456,0.991,0.882,0.0654,0.068,0,"Days of Wine and Roses","2016-03-31"
"289","Recorda Me","Joe Henderson",361773,4,91.14,5,1,-10.189,0.654,0.44,0.0612,0.953,0.874,0.125,0.645,0,"Back Road","1961"
"290","Red Clay","Freddie Hubbard",729760,4,139.749,9,1,-14.368,0.519,0.379,0.0353,0.407,0.288,0.161,0.598,37,"Red Clay","1970"
"291","Reflections - 2005 Remastered Version","Thelonious Monk",299146,4,77.684,5,0,-14.798,0.552,0.143,0.0523,0.989,0.889,0.172,0.391,3,"We See","2005-10-31"
"292","Ring Dem Bells","Duke Ellington",167533,4,113.96,0,1,-13.003,0.773,0.265,0.0603,0.94,0.772,0.125,0.867,13,"The Duke: The Columbia Years (1927-1962)","2000-01-31"
"293","Reincarnation of a Lovebird","Charles Mingus",512106,4,78.088,2,1,-12.631,0.505,0.268,0.0422,0.878,0.0102,0.169,0.47,3,"Passions Of A Man: The Complete Atlantic Recordings (1956-1961)","1997"
"294","Road Song","Wes Montgomery",231186,4,146.132,7,0,-13.45,0.638,0.349,0.0405,0.955,0.75,0.199,0.901,0,"Road Song","1968-01-01"
"295","'Round Midnight (feat. John Coltrane, Red Garland, Paul Chambers & Philly Joe Jones)","Miles Davis",355333,4,112.689,10,0,-11.116,0.494,0.182,0.0443,0.79,0.00036,0.129,0.21,54,"'Round About Midnight","1957-03-18"
"296","Ruby, My Dear","Thelonious Monk",190466,4,72.518,1,1,-13.658,0.553,0.317,0.0343,0.875,0.00955,0.102,0.169,28,"Genius Of Modern Music (Vol.1, Expanded Edition)","1951"
"297","The Saga of Harrison Crabfeathers","The Colorado Jazz",158065,3,118.01,0,0,-10.048,0.497,0.62,0.0314,0.392,0.915,0.102,0.737,20,"The Saga of Harrison Crabfeathers","2014-11-24"
"298","Satin Doll","Duke Ellington",179333,4,88.835,0,1,-11.57,0.611,0.0975,0.0289,0.745,0.856,0.101,0.399,42,"Jazz Profile: Duke Ellington","1997-01-01"
"299","Scotch and Soda","Dave Guard",208960,4,82.078,4,0,-18.303,0.526,0.199,0.0283,0.437,0,0.252,0.382,3,"Up & In","2005-01-01"
"300","Scrapple From The Apple","Charlie Parker",174560,4,100.299,2,0,-11.544,0.661,0.375,0.0462,0.974,0.859,0.127,0.819,0,"The Complete Savoy & Dial Master Takes","2002"
"301","Sea Journey","Chick Corea",267013,4,114.711,3,0,-12.939,0.604,0.489,0.0331,0.9,0.223,0.139,0.604,0,"Turkish Woman at the Bath","2011-02-25"
"302","Seven Come Eleven","Benny Goodman",218240,4,98.682,8,1,-11.82,0.585,0.324,0.0415,0.885,0.449,0.107,0.667,0,"Sing, Sing, Sing","2015-10-12"
"303","The Sidewinder - Remastered 1999/Rudy Van Gelder Edition","Lee Morgan",625293,4,152.484,8,1,-7.756,0.473,0.67,0.0353,0.446,3.15e-06,0.0957,0.808,47,"The Sidewinder (The Rudy Van Gelder Edition)","1999-01-01"
"304","Seven Steps to Heaven","Miles Davis",383560,4,142.752,5,0,-13.903,0.489,0.444,0.0498,0.233,0.00126,0.123,0.658,35,"Seven Steps To Heaven (Expanded Edition)","1963-10"
"305","SILVER HOLLOW","Gonzalo Rubalcaba",403440,3,126.777,11,0,-28.118,0.389,0.0494,0.0358,0.141,0.0201,0.203,0.17,7,"<U+30D6><U+30EC><U+30C3><U+30B7><U+30F3><U+30B0>","1991-10-26"
"306","Sirabhorn","Dan Stanton",339280,3,145.693,9,1,-13.396,0.407,0.346,0.0381,0.85,0.885,0.115,0.138,2,"On Bass","2012-06-12"
"307","Skating In Central Park (Remastered)","Bill Evans",324200,3,124.307,0,1,-25.319,0.478,0.0294,0.0453,0.993,0.948,0.105,0.148,0,"Portrait","2014-04-15"
"308","So Nice (Summer Samba)","Marcos Valle",151093,4,122.069,5,1,-11.208,0.776,0.473,0.0379,0.58,0,0.0721,0.849,0,"Samba '68","1968"
"309","Solar","Miles Davis",283240,3,84.346,5,0,-12.052,0.616,0.289,0.0396,0.888,0.00254,0.0867,0.708,13,"Solar","1961-01-01"
"310","So What (feat. John Coltrane, Cannonball Adderley & Bill Evans)","Miles Davis",562640,4,136.759,0,1,-17.266,0.532,0.151,0.0376,0.706,0.00136,0.116,0.211,60,"Kind Of Blue (Legacy Edition)","1959-08-17"
"311","Solitude - 1990 Remaster","Louis Armstrong",293306,4,70.166,1,1,-15.93,0.496,0.0713,0.0476,0.839,0.0901,0.159,0.273,18,"The Great Summit - The Master Tapes","2001-01-08"
"312","Someday My Prince Will Come (feat. John Coltrane, Hank Mobley, Wynton Kelly, Paul Chambers & Jimmy Cobb) - Mono Version","Miles Davis",547493,3,147.944,0,0,-12.477,0.497,0.34,0.0344,0.807,0.00152,0.125,0.341,25,"Someday My Prince Will Come (Mono Version)","1961-01-01"
"313","Some Other Spring","Billie Holiday",215840,3,92.314,10,0,-10.425,0.433,0.199,0.0322,0.972,0,0.134,0.132,0,"The Complete Verve Studio Master Takes","2005-01-01"
"314","Somebody Loves Me","Oscar Peterson",202000,4,86.288,0,0,-16.095,0.593,0.263,0.0422,0.993,0.938,0.129,0.595,8,"Oscar Peterson Plays George Gershwin","1953-09-09"
"315","Some Skunk Funk","The Brecker Brothers",350506,4,131.252,0,1,-3.398,0.683,0.869,0.119,0.397,0.787,0.167,0.849,35,"The Brecker Bros","1975"
"316","Sometime Ago","Sergio Mihanovich",260426,4,113.737,10,0,-16.109,0.411,0.311,0.0504,0.814,0.759,0.107,0.582,1,"When You Come Home","2008-02-15"
"317","Song For My Father","Horace Silver",438280,4,127.359,5,0,-8.142,0.742,0.671,0.0407,0.794,0.00441,0.122,0.591,54,"Song For My Father","1999-01-01"
"318","The Song Is You","Chet Baker",154000,4,90.199,8,1,-14.935,0.46,0.234,0.0347,0.817,4.38e-05,0.225,0.474,7,"The Very Best Of Chet Baker","2012-01-01"
"319","Sophisticated Lady - Remastered","Duke Ellington",162266,3,92.259,8,1,-16.482,0.332,0.104,0.0325,0.976,0.847,0.138,0.255,21,"Greatest Hits","1996-04-16"
"320","The Sorcerer","Herbie Hancock",336586,4,107.092,4,0,-12.919,0.416,0.449,0.0334,0.926,0.0151,0.0996,0.44,3,"Triple Best Of","2009-01-01"
"321","Speak No Evil - Remastered 1998 / Rudy Van Gelder Edition","Wayne Shorter",503786,3,106.331,5,0,-7.153,0.46,0.633,0.0404,0.613,0,0.274,0.515,45,"Speak No Evil","1966-06-01"
"322","The Sphinx","Ornette Coleman",255786,4,80.402,7,1,-12.078,0.462,0.411,0.13,0.158,0.00428,0.0714,0.374,33,"Something Else!!!!: The Music Of Ornette Coleman (Original Jazz Classics Remasters)","2011-01-01"
"323","Standing On The Corner","Dean Martin",167626,4,102.365,9,1,-8.516,0.583,0.332,0.0464,0.864,0,0.302,0.455,27,"Dino The Essential Dean Martin","2013-12-31"
"324","The Star-Crossed Lovers (aka Pretty Girl)","Duke Ellington",240000,4,103.554,1,1,-17.078,0.273,0.0578,0.0333,0.955,0.809,0.106,0.0625,40,"Such Sweet Thunder","1956"
"325","Stella By Starlight (feat. John Coltrane & Bill Evans)","Miles Davis",284560,4,84.787,10,1,-12.824,0.47,0.144,0.0365,0.912,0.000118,0.0965,0.243,54,"Kind Of Blue (Legacy Edition)","1959-08-17"
"326","Steps-What Was - Digitally Remastered","Chick Corea",830000,4,154.098,1,1,-10.629,0.348,0.629,0.045,0.767,0.883,0.112,0.474,26,"Now He Sings, Now He Sobs","2002-01-01"
"327","Stolen Moments","Oliver Nelson",526826,4,116.289,0,0,-14.381,0.536,0.249,0.0431,0.884,0.854,0.123,0.35,0,"The Blues And The Abstract Truth","1961"
"328","Stompin At The Savoy","Benny Goodman",195533,4,156.364,10,0,-11.065,0.525,0.222,0.0373,0.836,0.0799,0.051,0.645,52,"B. G. In Hi Fi","1990-01-01"
"329","Straight No Chaser","Thelonious Monk",177840,3,166.522,5,0,-12.86,0.473,0.525,0.0763,0.832,7.71e-05,0.337,0.772,15,"The Best Of Thelonious Monk","1991-01-01"
"330","Sugar","Stanley Turrentine",603413,4,124.001,0,0,-10.975,0.568,0.543,0.038,0.437,0.0133,0.107,0.544,30,"Sugar (CTI Records 40th Anniversary Edition - Original recording remastered)","1971"
"331","A String of Pearls","Glenn Miller",193200,4,131.181,0,0,-11.266,0.768,0.178,0.0377,0.917,0.782,0.107,0.689,35,"The Essential Glenn Miller","1996"
"332","Stuff","Miles Davis",1018160,4,124.443,8,1,-11.481,0.499,0.447,0.0402,0.142,0.304,0.228,0.397,24,"Miles In The Sky (Expanded Edition)","1968-07-22"
"333","A Sunday Kind of Love","Etta James",196080,5,71.504,2,0,-10.943,0.396,0.257,0.0304,0.746,0,0.333,0.407,0,"Sormy Weather - The Very best of","2014-04-15"
"334","The Surrey With the Fringe on Top","Buddy Rich And His Buddies",339826,4,87.724,7,1,-13.508,0.401,0.578,0.0885,0.203,0.00666,0.327,0.472,0,"Swing Jazz From the 40's","2014-06-11"
"335","Swedish Pastry - Live","Bill Evans",356360,4,106.74,7,1,-13.544,0.502,0.507,0.0451,0.382,0.125,0.708,0.485,9,"The Best Of Bill Evans","2004-01-01"
"336","Sweet Georgia Bright","Charles Lloyd",342600,4,110.118,5,0,-12.474,0.583,0.479,0.0614,0.7,0.0143,0.053,0.558,6,"Discovery!","1964-07-17"
"337","Take Five","Dave Brubeck",326640,5,172.741,10,0,-13.222,0.456,0.256,0.0407,0.52,0.000672,0.0609,0.566,12,"Take Five","2012-11-01"
"338","Take The ""A"" Train","Oscar Peterson",185453,4,140.511,0,1,-15.552,0.592,0.28,0.0354,0.819,0.0173,0.0554,0.458,3,"ICON","2014-05-19"
"339","Thanks For The Memory","Stan Getz",197133,3,72.152,0,0,-14.713,0.389,0.186,0.0451,0.993,0.702,0.109,0.584,8,"Quintets: The Clef & Norgran Studio Albums","2011-01-01"
"340","Tame Thy Pen","Katherine Gang",155573,3,88.725,4,0,-9.66,0.536,0.236,0.0436,0.956,0.000524,0.114,0.459,3,"Laughing At Lonely","2006-01-01"
"341","Tell Me a Bedtime Story","Herbie Hancock",303733,4,118.251,11,0,-19.246,0.389,0.413,0.0289,0.729,0.953,0.132,0.26,26,"Mwandishi: The Complete Warner Bros. Recordings","1994"
"342","That's Amore","Dean Martin",190400,4,78.554,10,1,-13.6,0.471,0.146,0.0309,0.782,0,0.0888,0.595,60,"Dean Martin: The Capitol Recordings, Vol. 4 (1952-1954)","1954"
"343","There Is No Greater Love","Miles Davis",317480,4,58.603,2,0,-14.663,0.338,0.154,0.0434,0.945,0.00434,0.124,0.104,23,"Miles: The New Miles Davis Quintet (Rudy Van Gelder Remaster)","1956-04"
"344","There Will Never Be Another You","Lester Young",205666,4,82.301,0,0,-17.872,0.576,0.0378,0.0584,0.978,0.804,0.118,0.316,0,"The President Plays With The Oscar Peterson Trio","1959-01-01"
"345","There'll Be Some Changes Made","Billie Holiday",173880,4,119.967,7,0,-14.883,0.687,0.173,0.1,0.772,0,0.0395,0.348,0,"The Complete Verve Studio Master Takes","2005-01-01"
"346","They Didn't Believe Me","Oscar Peterson",258360,4,97.853,5,1,-14.873,0.44,0.101,0.0341,0.991,0.904,0.154,0.136,16,"Oscar Peterson Trio Plus One","1964-01-01"
"347","Think on me","Eddie Henderson",482626,4,147.656,3,1,-8.235,0.408,0.64,0.0302,0.563,0.0367,0.0856,0.441,2,"Think On Me","1990"
"348","Thou Swell","Oscar Peterson",149933,4,96.999,8,1,-14.953,0.505,0.256,0.0404,0.988,0.921,0.114,0.513,0,"The Complete Mercury/Clef Recordings","2011-01-01"
"349","Three Flowers","McCoy Tyner",287933,3,183.112,3,1,-18.72,0.27,0.24,0.037,0.982,0.903,0.131,0.15,0,"Portrait","2014-04-15"
"350","Time Remembered","Bill Evans",364986,4,102.49,9,0,-20.754,0.411,0.12,0.0338,0.99,0.766,0.151,0.2,22,"The Best Of Bill Evans","2004-01-01"
"351","Tones for Joan's Bones","Chick Corea",369066,4,92.336,2,1,-26.539,0.542,0.0623,0.0392,0.579,0.894,0.0868,0.165,17,"Tones For Joan's Bones","1968-04-20"
"352","Topsy","Count Basie",195466,4,98.126,9,0,-10.41,0.777,0.447,0.0365,0.838,0.0033,0.201,0.702,0,"Count Basie's Finest Hour","2002-01-01"
"353","Tour de Force","Dizzy Gillespie and His Big Band",302813,4,122.302,0,0,-8.525,0.552,0.373,0.041,0.483,0.023,0.154,0.329,1,"Complete Studio Sessions (1956 - 1957)","2011-11-11"
"354","Triste","Oscar Peterson",321157,4,173.122,10,1,-19.458,0.35,0.323,0.0345,0.854,0.88,0.235,0.6,41,"Tristeza on Piano","2014-09-26"
"355","Tune-Up","Miles Davis",233333,4,136.718,9,0,-14.318,0.468,0.475,0.0624,0.822,0.0611,0.1,0.733,41,"Blue Haze","1956"
"356","Turn Out The Stars","Bill Evans",454893,4,65.74,4,0,-24.792,0.296,0.0397,0.0559,0.994,0.94,0.0727,0.108,20,"Intermodulation","1966"
"357","Twisted Blues","Wes Montgomery",338466,4,126.578,6,0,-16.27,0.476,0.411,0.0487,0.782,0.197,0.32,0.708,21,"So Much Guitar! [Original Jazz Classics Remasters]","2013-01-01"
"358","Uniquity Road","Noël Akchoté",91066,4,75.197,2,1,-13.672,0.496,0.225,0.0658,0.417,0.911,0.355,0.255,0,"The Bat (Noël Akchoté Plays Pat Metheny)","2016-01-14"
"359","Unchain My Heart","Ray Charles & Friends",171026,4,69.712,1,1,-9.213,0.415,0.508,0.0643,0.518,0,0.369,0.782,39,"What'd I Say","2017-05-05"
"360","Unity Village","Pat Metheny",455653,4,142.491,9,0,-15.626,0.575,0.15,0.0758,0.919,0.694,0.106,0.425,8,"The Orchestrion Project","2013-02-08"
"361","Up Jumped Spring","Freddie Hubbard",401226,1,78.225,7,0,-21.959,0.51,0.147,0.0437,0.814,0.342,0.184,0.552,22,"Backlash","1967"
"362","Upper Manhattan Medical Group","Jacob Roved",288786,4,98.31,5,0,-9.278,0.558,0.461,0.0279,0.851,0.793,0.201,0.464,2,"Remembering Billy Strayhorn","2015-09-18"
"363","Valse Hot","Sonny Rollins",517733,3,135.389,8,1,-13.912,0.494,0.362,0.0371,0.783,0.00115,0.137,0.709,9,"The Complete Prestige Recordings","1992-01-01"
"364","Very Early","Bill Evans",282106,3,103.642,9,0,-17.533,0.454,0.325,0.0625,0.86,0.132,0.723,0.403,0,"California, Here I Come","1967-01-01"
"365","Virgo - Remastered 2004","Wayne Shorter",426800,4,106.607,2,0,-14.403,0.446,0.13,0.0386,0.971,0.445,0.108,0.172,38,"Night Dreamer","1964-11-01"
"366","Wait Till You See Her","Miles Davis",242533,4,110.824,2,0,-15.724,0.276,0.166,0.0313,0.841,0.753,0.092,0.0622,13,"Quiet Nights","1963-12-16"
"367","Wave","Antônio Carlos Jobim",176906,4,144.944,7,1,-20.688,0.549,0.319,0.0337,0.797,0.901,0.0859,0.857,0,"Wave","1967-01-01"
"368","Waltz for Debby","Bill Evans",461493,4,92.415,5,1,-17.168,0.388,0.276,0.0374,0.939,0.915,0.0784,0.191,39,"The Bill Evans Album","1971"
"369","We'll Be Together Again","Louis Armstrong",246666,3,93.533,5,0,-14.812,0.333,0.176,0.0344,0.67,0.000308,0.343,0.335,0,"I've Got The World On A String","2014-01-01"
"370","Well You Needn't","Thelonious Monk Septet",687053,4,93.348,5,0,-16.227,0.478,0.265,0.0358,0.65,0.00131,0.0961,0.462,2,"Riverside Profiles: Thelonious Monk","2006-01-01"
"371","West Coast Blues","Wes Montgomery",443240,3,154.057,8,1,-13.835,0.58,0.297,0.0403,0.93,0.166,0.112,0.681,10,"Riverside Profiles: Wes Montgomery","2006-01-01"
"372","What Am I Here For","Duke Ellington",247093,4,120.024,10,1,-12.382,0.541,0.29,0.0301,0.224,0.00122,0.0938,0.477,17,"Piano In The Background","2004-07-27"
"373","When I Fall In Love","Sam Cooke",162533,3,171.856,5,1,-13.129,0.314,0.0546,0.0337,0.924,0,0.147,0.172,20,"The Man Who Invented Soul","2000-09-26"
"374","When Sunny Gets Blue","McCoy Tyner",282320,4,60.484,2,0,-22.546,0.427,0.114,0.0509,0.843,0.863,0.0966,0.114,59,"Today And Tomorrow","1964"
"375","When You Wish Upon A Star","Louis Armstrong",265066,4,112.488,7,0,-18.119,0.358,0.138,0.0397,0.896,0.039,0.388,0.354,33,"Disney Songs The Satchmo Way","1968"
"376","Whispering","John Schonberger",169240,4,103.23,10,1,-21.624,0.547,0.0661,0.0374,0.972,0.977,0.223,0.44,3,"Contrasts","2003"
"377","Windows","Chick Corea",378746,3,104.281,6,0,-13.704,0.336,0.447,0.0304,0.838,0.455,0.128,0.557,14,"The Definitive Chick Corea on Stretch and Concord","2011-01-01"
"378","Wild Flower - Remastered1998/Rudy Van Gelder Edition","Wayne Shorter",366973,3,81.709,7,0,-7.337,0.405,0.63,0.0321,0.717,3.37e-05,0.107,0.45,26,"Speak No Evil","1966-06-01"
"379","Witch Hunt - Remastered 1998 / Rudy Van Gelder Edition","Wayne Shorter",491493,4,100.461,5,0,-7.234,0.419,0.688,0.0405,0.582,1.75e-05,0.0284,0.408,35,"Speak No Evil","1966-06-01"
"380","Woodchopper's Ball","Woody Herman & His Orchestra",194026,4,180.125,5,0,-9.934,0.608,0.416,0.0888,0.768,0.537,0.223,0.918,0,"Portrait","2014-04-18"
"381","Wives And Lovers","Burt Bacharach",279866,4,105.279,5,0,-16.459,0.486,0.214,0.0362,0.97,0.867,0.105,0.382,6,"Bacharach! The Instrumental Side","1999-01-01"
"382","Woodyn' You","Dizzy Gillespie",383800,4,132.758,1,1,-14.504,0.464,0.402,0.0352,0.389,0.00287,0.0577,0.607,9,"Have Trumpet, Will Excite!","1959"
"383","The World Is Waiting For the Sunrise","Coleman Hawkins",227426,4,134.585,8,1,-14.247,0.496,0.423,0.0413,0.83,0.0317,0.234,0.682,0,"Jazz: Morning Songs","2013-11-26"
"384","Yes And No","Paul Joseph",310760,3,138.38,2,1,-21.411,0.358,0.295,0.0344,0.355,0.914,0.189,0.467,2,"Yes And No","2001-01-01"
"385","Yesterday - Remastered 2009","The Beatles",125666,4,96.529,5,1,-11.83,0.332,0.179,0.0326,0.879,0,0.0886,0.315,75,"Help! (Remastered)","1965-08-06"
"386","Yesterdays","Oscar Peterson",156317,3,75.484,9,0,-23.03,0.428,0.0815,0.0416,0.979,0.947,0.102,0.141,0,"Oscar Peterson Plays Jerome Kern","1954-03-08"
"387","You Are Too Beautiful","Thelonious Monk",293493,4,62.992,0,1,-23.056,0.554,0.0221,0.0481,0.955,0.906,0.0827,0.144,11,"The Unique Thelonious Monk","1956"
"388","You Are The Sunshine Of My Life","Stevie Wonder",178200,4,132.082,11,1,-14.53,0.519,0.46,0.0688,0.823,5.97e-05,0.243,0.675,69,"Talking Book","1972-10-28"
"389","You Brought A New Kind Of Love To Me","Ella Fitzgerald",139800,4,101.081,0,1,-12.383,0.6,0.159,0.0364,0.873,0,0.121,0.399,6,"100 Songs For A Centennial","2017-04-21"
"390","You Don't Know What Love Is","Miles Davis",259720,4,65.583,3,1,-13.712,0.513,0.215,0.0373,0.957,0.0928,0.104,0.326,24,"Walkin'","1957"
"391","You Took Advantage of Me","Hank Jones",195200,4,107.855,3,1,-21.661,0.529,0.151,0.0445,0.986,0.92,0.156,0.325,14,"I Remember You (Paris, 1977) (feat. George Duvivier, Oliver Jackson)","2008-06-02"
"392","Young At Heart","Tom Waits",221746,4,74.658,6,1,-14.235,0.386,0.27,0.0481,0.827,0.589,0.129,0.227,0,"Orphans: Brawlers, Bawlers & Bastards","2006-11-21"
"393","You're Nobody Til Somebody Loves You","Sam Cooke",180253,4,75.486,7,1,-10.009,0.257,0.431,0.0338,0.555,0,0.0719,0.356,11,"Keep Movin' On","1960-01-01"
